{
    "new_version_info":
    {
       "latest_version":"1.6",
       "updateMessage": "",
       "update": "0",
       "needLimit":"0"
    },
    "i_new_version_info":
    {
       "i_latest_version":"1.6",
       "i_updateMessage": "",
       "i_update": "0",
       "i_needLimit":"0"
    },
    "platformlist": [
        {
            "name": "CCTV",
            "icon": "",
            "url": "http://tv.cctv.com/live/cctv5/"
        }
        ,
        {
            "name": "爱奇艺",
            "icon": "爱奇艺",
            "canvip": 1,
            "url": "https://www.iqiyi.com/"
        },
        {
            "name": "腾讯视频",
            "icon": "腾讯",
            "canvip": 1,
            "url": "https://v.qq.com/"
        },{
            "name": "芒果",
            "icon": "芒果",
            "canvip": 1,
            "url": "https://www.mgtv.com/"
        }
        , {
            "name": "bilibili",
            "icon": "bilibili",
            "canvip": 0,
            "url": "https://www.bilibili.com/"
        }, {
            "name": "漫岛",
            "icon": "漫岛",
            "url": "https://www.mddm.tv/"
        }, {
            "name": "美剧",
            "icon": "美剧",
            "url": "https://91mjw.vip/all"
        },
        {
            "name": "韩剧",
            "icon": "韩剧",
            "url": "https://www.kan.cc/"
        },
        {
            "name": "日剧",
            "icon": "日剧",
            "url": "http://www.wwmulu.com/"
        }, {
            "name": "新视觉影院",
            "icon": "4080",
            "url": "https://www.finebv.com/"
        }, {
            "name": "第一影院",
            "icon": "4080",
            "url": "https://www.yitv.cc/"
        },{
            "name": "音乐破解",
            "icon": "",
            "url": "https://music.sonimei.cn/"
        }
        , {
            "name": "历史记录",
            "icon": "",
            "url": "history"
        }
        , {
            "name": "更新日志",
            "icon": "",
            "url": "https://github.com/iodefog/VipVideo/blob/master/README.md"
        }
    ],
    
    "list": [
        {
            "name": "原地址-（提示：本软件免费无广告,不要花钱购买）",
            "url": ""
        },
        {
            "name":"4.21-6",
            "url":"http://www.85105052.com/admin.php?url="
        },
        {
            "name":"无名小站",
            "url":"http://www.82190555.com/index/qqvod.php?url="
        },
        {
            "name":"api-1",
            "url":"https://okjx.cc/?url="
        },
        {
            "name":"api-2",
            "url":"https://www.ckmov.vip/api.php?url="
        },
        {
            "name":"api-3",
            "url":"https://www.h8jx.com/jiexi.php?url="
        },
        {
            "name":"api-4",
            "url":"https://api.jiexi.la/?url="
        },
        {
            "name":"api-5",
            "url":"https://vip.laobandq.com/jiexi.php?url="
        },
        {
            "name":"api-6",
            "url":"https://www.ckmov.com/?url="
        },
        {
            "name":"api-7",
            "url":"https://www.nxflv.com/?url="
        },
        
        {
            "name":"api-8",
            "url":" https://www.ckplayer.vip/jiexi/?url="
        },
        {
            "name":"api-9",
            "url":"https://www.m3u8.tv.cdn.8old.cn/m3u8tv.1031/api.php?url="
        },
        {
            "name":"api-10",
            "url":"https://jx.m3u8.tv/jiexi/?url="
        },
        {
            "name":"api-11",
            "url":"https://jx.qqwtt.com/?url="
        },
        {
            "name":"api-12",
            "url":"https://jx.aidouer.net/?url="
        }
    ]
}

